Workbook

Sheet نسبة الاتقان للعام2024-2025
A3: متوسط نسبة الاتقان للمواد للعام الدراسي 2024-2025
A5: طـوى اعتيـر للتعليم الاساسى للبنين الصفوف (5-12) | B5: نسبة الاتقان
A6: الاحياء | B6: 17.595109
A7: التربية الاسلامية | B7: 60.309955
A8: الدراسات الاجتماعية | B8: 45.067875
A9: الرياضة المدرسية | B9: 100
A10: الرياضيات | B10: 20.197666
A11: الرياضيات الأساسية | B11: 0
A12: الرياضيات المتقدمة | B12: 6.25
A13: العلوم | B13: 30.061318
A14: العلوم البيئية | B14: 0
A15: الفيزياء | B15: 8.8315217
A16: الكيمياء | B16: 9.5561594
A17: اللغة الانجليزية | B17: 14.019753
... A19: تقنية المعلومات | B19: 52.941176

Sheet نسبة الاتقان لعام 2025-2026
B2: المدرسة | C2: طـوى اعتيـر للتعليم الاساسى للبنين الصفوف (5-12)
B3: العام الدراسي | C3: 2025 -2026
B4: الفصل الدراسي | C4: الأول
B6: المادة | C6: الصف | D6: إجمالي عدد الطلبه | E6: متقن | F6: نسبة الإتقان | G6: الحكم
B7: الرياضيات الأساسية | C7: الحادي عشر | D7: 27 | E7: 0 | F7: 0 | G7: تحتاج إلى تدخل سريع
B8: العلوم البيئية | C8: الحادي عشر | D8: 27 | E8: 1 | F8: 0.037037037 | G8: تحتاج إلى تدخل سريع
B9: الفيزياء | C9: التاسع | D9: 51 | E9: 3 | F9: 0.058823529 | G9: تحتاج إلى تدخل سريع
B10: الفيزياء | C10: العاشر | D10: 34 | E10: 2 | F10: 0.058823529 | G10: تحتاج إلى تدخل سريع
B11: الرياضيات المتقدمة | C11: الحادي عشر | D11: 19 | E11: 2 | F11: 0.10526316 | G11: تحتاج إلى تدخل سريع
B12: اللغة الانجليزية | C12: الخامس | D12: 53 | E12: 6 | F12: 0.11320755 | G12: تحتاج إلى تدخل سريع
B13: اللغة العربية | C13: العاشر | D13: 34 | E13: 5 | F13: 0.14705882 | G13: تحتاج إلى تدخل سريع
B14: الرياضيات | C14: السابع | D14: 47 | E14: 7 | F14: 0.14893617 | G14: تحتاج إلى تدخل سريع
B15: اللغة العربية | C15: الحادي عشر | D15: 46 | E15: 7 | F15: 0.15217391 | G15: تحتاج إلى تدخل سريع
B16: العلوم | C16: الخامس | D16: 53 | E16: 9 | F16: 0.16981132 | G16: تحتاج إلى تدخل سريع
B17: اللغة الانجليزية | C17: الحادي عشر | D17: 46 | E17: 8 | F17: 0.17391304 | G17: تحتاج إلى تدخل سريع
B18: الدراسات الاجتماعية | C18: العاشر | D18: 34 | E18: 7 | F18: 0.20588235 | G18: تحتاج إلى تدخل سريع
... B56: التربية الاسلامية | C56: السادس | D56: 57 | E56: 41 | F56: 0.71929825 | G56: متميز

Sheet تحليل المواد
A1: 📊 متوسط نسبة الإتقان لكل مادة الفصل الأول للعام الدراسي 2025-2026 | E1: 📊 متوسط نسبة الإتقان لكل مادة للعام الدراسي 2025-2024 | M1: 📊 مقارنة نسب الإتقان بين العامين الدراسيين
B2: المادة | C2: عدد الصفوف | D2: نسبة الإتقان | F2: المادة | G2: نسبة الاتقان | J2: 🎯 مفتاح الألوان | M2: المادة | N2: 2024-2025 | O2: 2025-2026 | P2: الفرق | Q2: التغير % | R2: الاتجاه
B3: الرياضيات الأساسية | C3: =COUNTIF('نسبة الاتقان لعام 2025-2026'!B7:B56,B3) -> 1 | D3: =IFERROR(AVERAGEIF('نسبة الاتقان لعام 2025-2026'!B7:B56,B3,'نسبة الاتقان لعام 2025-2026'!F7:F56),"لا توجد بيانات") -> 0 | F3: الاحياء | G3: 17.595109 | J3: 🟢 جيد (50%+) | M3: الاحياء | N3: 0.176 | O3: 0.35 | P3: =O3-N3 -> 0.174 | Q3: =IF(N3=0,IF(O3=0,0,1),P3/N3) -> 0.98863636 | R3: =IF(P3>0.001,"📈 تحسن",IF(P3<-0.001,"📉 تراجع","➡️ ثابت")) -> 📈 تحسن
B4: العلوم البيئية | C4: =COUNTIF('نسبة الاتقان لعام 2025-2026'!B7:B56,B4) -> 1 | D4: =IFERROR(AVERAGEIF('نسبة الاتقان لعام 2025-2026'!B7:B56,B4,'نسبة الاتقان لعام 2025-2026'!F7:F56),"لا توجد بيانات") -> 0.037037037 | F4: التربية الاسلامية | G4: 60.309955 | J4: 🟡 متوسط (30%-50%) | M4: التربية الاسلامية | N4: 0.6031 | O4: 0.54 | P4: =O4-N4 -> -0.0631 | Q4: =IF(N4=0,IF(O4=0,0,1),P4/N4) -> -0.1046261 | R4: =IF(P4>0.001,"📈 تحسن",IF(P4<-0.001,"📉 تراجع","➡️ ثابت")) -> 📉 تراجع
B5: الفيزياء | C5: =COUNTIF('نسبة الاتقان لعام 2025-2026'!B7:B56,B5) -> 3 | D5: =IFERROR(AVERAGEIF('نسبة الاتقان لعام 2025-2026'!B7:B56,B5,'نسبة الاتقان لعام 2025-2026'!F7:F56),"لا توجد بيانات") -> 0.19607843 | F5: الدراسات الاجتماعية | G5: 45.067875 | J5: 🔴 ضعيف (أقل من 30%) | M5: الدراسات الاجتماعية | N5: 0.4507 | O5: 0.43 | P5: =O5-N5 -> -0.0207 | Q5: =IF(N5=0,IF(O5=0,0,1),P5/N5) -> -0.045928556 | R5: =IF(P5>0.001,"📈 تحسن",IF(P5<-0.001,"📉 تراجع","➡️ ثابت")) -> 📉 تراجع
B6: الرياضيات المتقدمة | C6: =COUNTIF('نسبة الاتقان لعام 2025-2026'!B7:B56,B6) -> 1 | D6: =IFERROR(AVERAGEIF('نسبة الاتقان لعام 2025-2026'!B7:B56,B6,'نسبة الاتقان لعام 2025-2026'!F7:F56),"لا توجد بيانات") -> 0.10526316 | F6: الرياضة المدرسية | G6: 100 | M6: الرياضيات | N6: 0.202 | O6: 0.29 | P6: =O6-N6 -> 0.088 | Q6: =IF(N6=0,IF(O6=0,0,1),P6/N6) -> 0.43564356 | R6: =IF(P6>0.001,"📈 تحسن",IF(P6<-0.001,"📉 تراجع","➡️ ثابت")) -> 📈 تحسن
B7: اللغة الانجليزية | C7: =COUNTIF('نسبة الاتقان لعام 2025-2026'!B7:B56,B7) -> 7 | D7: =IFERROR(AVERAGEIF('نسبة الاتقان لعام 2025-2026'!B7:B56,B7,'نسبة الاتقان لعام 2025-2026'!F7:F56),"لا توجد بيانات") -> 0.2951103 | F7: الرياضيات | G7: 20.197666 | J7: 📈 إحصائيات ملخصة | M7: الرياضيات الأساسية | N7: 0 | O7: 0 | P7: =O7-N7 -> 0 | Q7: =IF(N7=0,IF(O7=0,0,1),P7/N7) -> 0 | R7: =IF(P7>0.001,"📈 تحسن",IF(P7<-0.001,"📉 تراجع","➡️ ثابت")) -> ➡️ ثابت
B8: اللغة العربية | C8: =COUNTIF('نسبة الاتقان لعام 2025-2026'!B7:B56,B8) -> 7 | D8: =IFERROR(AVERAGEIF('نسبة الاتقان لعام 2025-2026'!B7:B56,B8,'نسبة الاتقان لعام 2025-2026'!F7:F56),"لا توجد بيانات") -> 0.3022047 | F8: الرياضيات الأساسية | G8: 0 | J8: أعلى مادة: | K8: التربية الاسلامية | M8: الرياضيات المتقدمة | N8: 0.0625 | O8: 0.11 | P8: =O8-N8 -> 0.0475 | Q8: =IF(N8=0,IF(O8=0,0,1),P8/N8) -> 0.76 | R8: =IF(P8>0.001,"📈 تحسن",IF(P8<-0.001,"📉 تراجع","➡️ ثابت")) -> 📈 تحسن
B9: الرياضيات | C9: =COUNTIF('نسبة الاتقان لعام 2025-2026'!B7:B56,B9) -> 6 | D9: =IFERROR(AVERAGEIF('نسبة الاتقان لعام 2025-2026'!B7:B56,B9,'نسبة الاتقان لعام 2025-2026'!F7:F56),"لا توجد بيانات") -> 0.2942449 | F9: الرياضيات المتقدمة | G9: 6.25 | J9: أدنى مادة: | K9: الرياضيات الأساسية | M9: العلوم | N9: 0.3006 | O9: 0.43 | P9: =O9-N9 -> 0.1294 | Q9: =IF(N9=0,IF(O9=0,0,1),P9/N9) -> 0.43047239 | R9: =IF(P9>0.001,"📈 تحسن",IF(P9<-0.001,"📉 تراجع","➡️ ثابت")) -> 📈 تحسن
B10: العلوم | C10: =COUNTIF('نسبة الاتقان لعام 2025-2026'!B7:B56,B10) -> 4 | D10: =IFERROR(AVERAGEIF('نسبة الاتقان لعام 2025-2026'!B7:B56,B10,'نسبة الاتقان لعام 2025-2026'!F7:F56),"لا توجد بيانات") -> 0.42690278 | F10: العلوم | G10: 30.061318 | J10: المتوسط العام: | K10: =AVERAGE(H3:H14) -> #DIV/0! | M10: العلوم البيئية | N10: 0 | O10: 0.04 | P10: =O10-N10 -> 0.04 | Q10: =IF(N10=0,IF(O10=0,0,1),P10/N10) -> 1 | R10: =IF(P10>0.001,"📈 تحسن",IF(P10<-0.001,"📉 تراجع","➡️ ثابت")) -> 📈 تحسن
B11: الدراسات الاجتماعية | C11: =COUNTIF('نسبة الاتقان لعام 2025-2026'!B7:B56,B11) -> 7 | D11: =IFERROR(AVERAGEIF('نسبة الاتقان لعام 2025-2026'!B7:B56,B11,'نسبة الاتقان لعام 2025-2026'!F7:F56),"لا توجد بيانات") -> 0.42906969 | F11: العلوم البيئية | G11: 0 | J11: عدد المواد: | K11: =COUNT(H3:H14) -> 0 | M11: الفيزياء | N11: 0.0883 | O11: 0.2 | P11: =O11-N11 -> 0.1117 | Q11: =IF(N11=0,IF(O11=0,0,1),P11/N11) -> 1.2650057 | R11: =IF(P11>0.001,"📈 تحسن",IF(P11<-0.001,"📉 تراجع","➡️ ثابت")) -> 📈 تحسن
B12: التربية الاسلامية | C12: =COUNTIF('نسبة الاتقان لعام 2025-2026'!B7:B56,B12) -> 7 | D12: =IFERROR(AVERAGEIF('نسبة الاتقان لعام 2025-2026'!B7:B56,B12,'نسبة الاتقان لعام 2025-2026'!F7:F56),"لا توجد بيانات") -> 0.54211384 | F12: الفيزياء | G12: 8.8315217 | J12: مواد تحتاج تدخل (<30%): | K12: =COUNTIF(H3:H14,"<0.3") -> 0 | M12: الكيمياء | N12: 0.0956 | O12: 0.37 | P12: =O12-N12 -> 0.2744 | Q12: =IF(N12=0,IF(O12=0,0,1),P12/N12) -> 2.8702929 | R12: =IF(P12>0.001,"📈 تحسن",IF(P12<-0.001,"📉 تراجع","➡️ ثابت")) -> 📈 تحسن
B13: الكيمياء | C13: =COUNTIF('نسبة الاتقان لعام 2025-2026'!B7:B56,B13) -> 3 | D13: =IFERROR(AVERAGEIF('نسبة الاتقان لعام 2025-2026'!B7:B56,B13,'نسبة الاتقان لعام 2025-2026'!F7:F56),"لا توجد بيانات") -> 0.36824905 | F13: الكيمياء | G13: 9.5561594 | M13: اللغة الانجليزية | N13: 0.1402 | O13: 0.3 | P13: =O13-N13 -> 0.1598 | Q13: =IF(N13=0,IF(O13=0,0,1),P13/N13) -> 1.1398003 | R13: =IF(P13>0.001,"📈 تحسن",IF(P13<-0.001,"📉 تراجع","➡️ ثابت")) -> 📈 تحسن
B14: الاحياء | C14: =COUNTIF('نسبة الاتقان لعام 2025-2026'!B7:B56,B14) -> 3 | D14: =IFERROR(AVERAGEIF('نسبة الاتقان لعام 2025-2026'!B7:B56,B14,'نسبة الاتقان لعام 2025-2026'!F7:F56),"لا توجد بيانات") -> 0.3496732 | F14: اللغة الانجليزية | G14: 14.019753 | M14: اللغة العربية | N14: 0.291 | O14: 0.3 | P14: =O14-N14 -> 0.009 | Q14: =IF(N14=0,IF(O14=0,0,1),P14/N14) -> 0.030927835 | R14: =IF(P14>0.001,"📈 تحسن",IF(P14<-0.001,"📉 تراجع","➡️ ثابت")) -> 📈 تحسن
F15: اللغة العربية | G15: 29.100247
B16: المتوسط العام للمدرسة | D16: =AVERAGE(D3:D14) -> 0.27882892 | M16: المتوسط العام | N16: =AVERAGE(N3:N14) -> 0.20083333 | O16: =AVERAGE(O3:O14) -> 0.28 | P16: =AVERAGE(P3:P14) -> 0.079166667
M18: 📈 ملخص التحليل المقارن
M19: عدد المواد المتحسنة: | O19: =COUNTIF(P3:P14,">0.001") -> 9
M20: عدد المواد المتراجعة: | O20: =COUNTIF(P3:P14,"<-0.001") -> 2
M21: عدد المواد الثابتة: | O21: {=SUMPRODUCT((ABS(P3:P14)<=0.001)*1)} -> 1
M22: أكبر تحسن: | O22: =MAX(P3:P14) -> 0.2744
M23: أكبر تراجع: | O23: =MIN(P3:P14) -> -0.0631
M24: أفضل مادة تحسناً: | O24: =INDEX(M3:M14,MATCH(MAX(P3:P14),P3:P14,0)) -> الكيمياء
M25: أكثر مادة تراجعاً: | O25: =INDEX(M3:M14,MATCH(MIN(P3:P14),P3:P14,0)) -> التربية الاسلامية

Sheet تحليل مقارن
A1: التحليل المقارن لنسب الإتقان بين العامين الدراسيين 2024-2025 و 2025-2026
A2: طوى اعتير للتعليم الاساسى للبنين الصفوف (5-12)
A4: المادة | B4: 2024-2025 | C4: 2025-2026 | D4: الفرق | E4: التغير % | F4: الاتجاه
A5: الاحياء | B5: 0.176 | C5: 0.35 | D5: =C5-B5 -> 0.174 | E5: =IF(B5=0,IF(C5=0,0,1),(C5-B5)/B5) -> 0.98863636 | F5: =IF(D5>0.001,"تحسن",IF(D5<-0.001,"تراجع","ثابت")) -> تحسن
A6: التربية الاسلامية | B6: 0.6031 | C6: 0.54 | D6: =C6-B6 -> -0.0631 | E6: =IF(B6=0,IF(C6=0,0,1),(C6-B6)/B6) -> -0.1046261 | F6: =IF(D6>0.001,"تحسن",IF(D6<-0.001,"تراجع","ثابت")) -> تراجع
A7: الدراسات الاجتماعية | B7: 0.4507 | C7: 0.43 | D7: =C7-B7 -> -0.0207 | E7: =IF(B7=0,IF(C7=0,0,1),(C7-B7)/B7) -> -0.045928556 | F7: =IF(D7>0.001,"تحسن",IF(D7<-0.001,"تراجع","ثابت")) -> تراجع
A8: الرياضيات | B8: 0.202 | C8: 0.29 | D8: =C8-B8 -> 0.088 | E8: =IF(B8=0,IF(C8=0,0,1),(C8-B8)/B8) -> 0.43564356 | F8: =IF(D8>0.001,"تحسن",IF(D8<-0.001,"تراجع","ثابت")) -> تحسن
A9: الرياضيات الأساسية | B9: 0 | C9: 0 | D9: =C9-B9 -> 0 | E9: =IF(B9=0,IF(C9=0,0,1),(C9-B9)/B9) -> 0 | F9: =IF(D9>0.001,"تحسن",IF(D9<-0.001,"تراجع","ثابت")) -> ثابت
A10: الرياضيات المتقدمة | B10: 0.0625 | C10: 0.11 | D10: =C10-B10 -> 0.0475 | E10: =IF(B10=0,IF(C10=0,0,1),(C10-B10)/B10) -> 0.76 | F10: =IF(D10>0.001,"تحسن",IF(D10<-0.001,"تراجع","ثابت")) -> تحسن
A11: العلوم | B11: 0.3006 | C11: 0.43 | D11: =C11-B11 -> 0.1294 | E11: =IF(B11=0,IF(C11=0,0,1),(C11-B11)/B11) -> 0.43047239 | F11: =IF(D11>0.001,"تحسن",IF(D11<-0.001,"تراجع","ثابت")) -> تحسن
A12: العلوم البيئية | B12: 0 | C12: 0.04 | D12: =C12-B12 -> 0.04 | E12: =IF(B12=0,IF(C12=0,0,1),(C12-B12)/B12) -> 1 | F12: =IF(D12>0.001,"تحسن",IF(D12<-0.001,"تراجع","ثابت")) -> تحسن
A13: الفيزياء | B13: 0.0883 | C13: 0.2 | D13: =C13-B13 -> 0.1117 | E13: =IF(B13=0,IF(C13=0,0,1),(C13-B13)/B13) -> 1.2650057 | F13: =IF(D13>0.001,"تحسن",IF(D13<-0.001,"تراجع","ثابت")) -> تحسن
A14: الكيمياء | B14: 0.0956 | C14: 0.37 | D14: =C14-B14 -> 0.2744 | E14: =IF(B14=0,IF(C14=0,0,1),(C14-B14)/B14) -> 2.8702929 | F14: =IF(D14>0.001,"تحسن",IF(D14<-0.001,"تراجع","ثابت")) -> تحسن
A15: اللغة الانجليزية | B15: 0.1402 | C15: 0.3 | D15: =C15-B15 -> 0.1598 | E15: =IF(B15=0,IF(C15=0,0,1),(C15-B15)/B15) -> 1.1398003 | F15: =IF(D15>0.001,"تحسن",IF(D15<-0.001,"تراجع","ثابت")) -> تحسن
A16: اللغة العربية | B16: 0.291 | C16: 0.3 | D16: =C16-B16 -> 0.009 | E16: =IF(B16=0,IF(C16=0,0,1),(C16-B16)/B16) -> 0.030927835 | F16: =IF(D16>0.001,"تحسن",IF(D16<-0.001,"تراجع","ثابت")) -> تحسن
A17: المتوسط العام | B17: =AVERAGE(B5:B16) -> 0.20083333 | C17: =AVERAGE(C5:C16) -> 0.28 | D17: =C17-B17 -> 0.079166667 | E17: =(C17-B17)/B17 -> 0.39419087 | F17: =IF(D17>0,"تحسن",IF(D17<0,"تراجع","ثابت")) -> تحسن
A19: ملخص التحليل الإحصائي | E19: مفتاح الألوان
A20: عدد المواد المتحسنة: | B20: =COUNTIF(D5:D16,">0") -> 9 | E20: أخضر = تحسن
A21: عدد المواد المتراجعة: | B21: =COUNTIF(D5:D16,"<0") -> 2 | E21: أحمر = تراجع
A22: عدد المواد الثابتة: | B22: =COUNTIF(D5:D16,0) -> 1 | E22: أبيض = ثابت
A23: أكبر تحسن: | B23: =MAX(D5:D16) -> 0.2744
A24: أكبر تراجع: | B24: =MIN(D5:D16) -> -0.0631
A25: أفضل مادة تحسناً: | B25: =INDEX(A5:A16,MATCH(MAX(D5:D16),D5:D16,0)) -> الكيمياء
A26: أكثر مادة تراجعاً: | B26: =INDEX(A5:A16,MATCH(MIN(D5:D16),D5:D16,0)) -> التربية الاسلامية
